CREATE DATABASE  CSE3B_370


CREATE TABLE DEPOSITE(
   
   ACTNO INT,
   CNAME VARCHAR(50),
   BNAME VARCHAR(50),
   AMOUNT DECIMAL(8,2),
   ADATE DATETIME
)

    INSERT INTO DEPOSITE VALUES(101,'ANIL','VRCE',1000,'1995-3-1')
    INSERT INTO DEPOSITE VALUES(102,'SUNIL','AJNI',5000,'1996-1-4')
    INSERT INTO DEPOSITE VALUES(103,'MEHUL','KAROLBAGH',3500,'1995-11-17')
    INSERT INTO DEPOSITE VALUES(104,'MADHURI','CHANDI',1200,'1995-12-17')
    INSERT INTO DEPOSITE VALUES(105,'PRAMOD','M.G. ROAD ',3000,'1996-3-27')
    INSERT INTO DEPOSITE VALUES(106,'SANDIP','ANDHERI',2000,'1996-3-31')
    INSERT INTO DEPOSITE VALUES(107,'SHIVANI','VIRAR',1000,'1995-9-5')
    INSERT INTO DEPOSITE VALUES(108,'KRANTI','NEHRU PLACE ',5000,'1995-7-2')
    INSERT INTO DEPOSITE VALUES(109,'MINU','POWAI',7000,'1995-8-10')
    SELECT *FROM DEPOSITE


	CREATE TABLE BRANCH(
      BNAME VARCHAR(50),
      CITY VARCHAR(50)
  )

   INSERT INTO BRANCH VALUES('VRCE','NAGPUR')
   INSERT INTO BRANCH VALUES('AJNI','NAGPUR')
   INSERT INTO BRANCH VALUES('KAROLBAGH','DELHI')
   INSERT INTO BRANCH VALUES('CHANDI','DELHI')
   INSERT INTO BRANCH VALUES('DHARAMPETH','NAGPUR')
   INSERT INTO BRANCH VALUES('M.G. ROAD  ','BANGLORE')
   INSERT INTO BRANCH VALUES('ANDHERI','BOMBAY')
   INSERT INTO BRANCH VALUES('VIRAR','BOMBAY')
   INSERT INTO BRANCH VALUES('NEHRU PLACE  ','DELHI')
   INSERT INTO BRANCH VALUES('POWAI','BOMBAY')
   SELECT *FROM BRANCH


	CREATE TABLE CUSTOMERS(
     CNAME VARCHAR(50),
     CITY VARCHAR(50)
   )
         INSERT INTO CUSTOMERS VALUES('ANIL','CALCUTTA')
	     INSERT INTO CUSTOMERS VALUES('SUNIL','DELHI')
	     INSERT INTO CUSTOMERS VALUES('MEHUL','BARODA')
	     INSERT INTO CUSTOMERS VALUES('MANDAR','PATNA')
	     INSERT INTO CUSTOMERS VALUES('MADHURI','NAGPUR')
	     INSERT INTO CUSTOMERS VALUES('PRAMOD','NAGPUR')
	     INSERT INTO CUSTOMERS VALUES('SANDIP','SURAT')
	     INSERT INTO CUSTOMERS VALUES('SHIVANI','BOMBAY')
         INSERT INTO CUSTOMERS VALUES('KRANTI','BOMBAY')
         INSERT INTO CUSTOMERS VALUES('NAREN','BOMBAY')
         SELECT *FROM CUSTOMERS




		
   CREATE TABLE BORROW(
   LOANNO INT,
   CNAME VARCHAR(50),
   BNAME VARCHAR(50),
   AMOUNT DECIMAL(8,2)
   )
     

	  INSERT INTO BORROW VALUES(201,'ANIL','VRCE',1000)
	  INSERT INTO BORROW VALUES(206,'MEHUL','AJNI',5000)
	  INSERT INTO BORROW VALUES(311,'SUNIL','DHARAMPETH',3000)
	  INSERT INTO BORROW VALUES(321,'MADHURI','ANDHERI',2000)
	  INSERT INTO BORROW VALUES(375,'PRAMOD','VIRAR',8000)
	  INSERT INTO BORROW VALUES(481,'KRANTI','NEHRU PLACE',3000)
      SELECT *FROM BORROW

       

	   --A

SELECT * FROM DEPOSITE

SELECT * FROM CUSTOMERS

SELECT ACTNO, CNAME, AMOUNT FROM DEPOSITE

SELECT LOANNO, AMOUNT FROM BORROW

SELECT * FROM BORROW WHERE BNAME = 'ANDHERI' 

SELECT ACTNO, AMOUNT FROM DEPOSITE WHERE ACTNO = 106

SELECT CNAME FROM BORROW WHERE AMOUNT > 5000 

SELECT CNAME FROM DEPOSITE WHERE ADATE < 1996-12-1

SELECT CNAME FROM DEPOSITE WHERE ACTNO < 105

SELECT CNAME FROM CUSTOMERS WHERE CITY = 'NAGPUR' OR CITY = 'DELHI'

SELECT CNAME FROM CUSTOMERS WHERE CITY IN ('NAGPUR','DELHI')

SELECT CNAME FROM DEPOSITE WHERE AMOUNT > 4000 AND ACTNO < 105

SELECT * FROM BORROW WHERE AMOUNT >= 3000 AND AMOUNT <= 8000

SELECT * FROM BORROW WHERE AMOUNT BETWEEN 3000 AND 8000

SELECT * FROM DEPOSITE WHERE NOT BNAME = 'ANDHERI' 

SELECT * FROM DEPOSITE WHERE BNAME <> 'ANDHERI'

SELECT * FROM DEPOSITE WHERE BNAME != 'ANDHERI'

SELECT ACTNO, CNAME, AMOUNT FROM DEPOSITE WHERE BNAME IN ('AJNI','KAROLBAGH','M.G.ROAD') AND ACTNO < 104


--B

SELECT TOP 5 * FROM DEPOSITE

SELECT TOP 3 * FROM DEPOSITE WHERE AMOUNT > 1000

SELECT LOANNO, CNAME FROM BORROW WHERE BNAME <> 'ANDHERI'

SELECT DISTINCT CITY FROM CUSTOMERS 

SELECT DISTINCT BNAME FROM BRANCH


--C

SELECT TOP 50 PERCENT * FROM BORROW

SELECT TOP 10 PERCENT * FROM DEPOSITE

SELECT TOP 25 PERCENT * FROM DEPOSITE WHERE AMOUNT > 5000 

SELECT TOP 10 PERCENT AMOUNT FROM BORROW

SELECT DISTINCT CNAME, CITY FROM CUSTOMERS

SELECT * AMOUNT +0.1 * AMOUNT AS NEW AMOUNT FROM BORROW

SELECT * FROM BORROW WHERE LOANNO%2=0







